{"Camera":{"bottomScreenEdge":-50.0,"leftScreenEdge":69.59967041015625,"rightScreenEdge":1136.599609375,"topScreenEdge":750.000244140625},"Enemy":{"enemyFighting":""},"Player":{"hp":3,"position":[603.0996704101563,354.3999328613281,0.0]}}