{"Camera":{"bottomScreenEdge":-311.3001403808594,"leftScreenEdge":138.099853515625,"rightScreenEdge":1205.099853515625,"topScreenEdge":488.7007141113281},"Enemy":{"enemyFighting":"enemy2"},"Player":{"hp":2,"position":[670.7998046875,88.69992065429688,0.0]}}