{"Back":{"Camera":{"bottomScreenEdge":-154.80001831054688,"leftScreenEdge":96.5,"rightScreenEdge":1163.500244140625,"topScreenEdge":645.2003173828125},"PlayerBattle":{"hp":4},"PlayerOverworld":{"hp":2,"position":[630.0,249.8999786376953,0.0]}},"Save 1":{"Camera":{"bottomScreenEdge":-154.80001831054688,"leftScreenEdge":96.5,"rightScreenEdge":1163.500244140625,"topScreenEdge":645.2003173828125},"PlayerBattle":{"hp":4},"PlayerOverworld":{"hp":2,"position":[630.0,249.8999786376953,0.0]}},"Save 2":{"Camera":{"bottomScreenEdge":-105.10003662109375,"leftScreenEdge":127.300048828125,"rightScreenEdge":1194.300048828125,"topScreenEdge":694.900146484375},"PlayerBattle":{"hp":4},"PlayerOverworld":{"hp":2,"position":[660.099365234375,300.0,0.0]}}}