{"Camera":{"bottomScreenEdge":-346.6002502441406,"leftScreenEdge":135.8994140625,"rightScreenEdge":1202.8992919921875,"topScreenEdge":453.4003601074219},"Player":{"position":[669.3994140625,53.399871826171875,0.0]}}