{"Back":{"Camera":{"bottomScreenEdge":-105.10003662109375,"leftScreenEdge":127.20068359375,"rightScreenEdge":1194.20068359375,"topScreenEdge":694.900146484375},"PlayerBattle":{"hp":10,"level":1,"strength":1,"xp":0},"PlayerOverworld":{"hp":2,"position":[660.099365234375,300.0,0.0]}},"Save 1":{"Camera":{"bottomScreenEdge":-81.60008239746094,"leftScreenEdge":126.5,"rightScreenEdge":1193.5,"topScreenEdge":718.4000244140625},"PlayerBattle":{"hp":9,"level":1,"strength":1,"xp":0},"PlayerOverworld":{"hp":2,"position":[663.3994750976563,323.49993896484375,0.0]}},"Save 2":{"Camera":{"bottomScreenEdge":-105.10003662109375,"leftScreenEdge":127.20068359375,"rightScreenEdge":1194.20068359375,"topScreenEdge":694.900146484375},"PlayerBattle":{"hp":10,"level":1,"strength":1,"xp":0},"PlayerOverworld":{"hp":2,"position":[660.099365234375,300.0,0.0]}}}