{"Camera":{"bottomScreenEdge":-154.80001831054688,"leftScreenEdge":96.5,"rightScreenEdge":1163.500244140625,"topScreenEdge":645.2003173828125},"Enemy":{"enemyFighting":""},"Player":{"hp":2,"position":[630.0,249.8999786376953,0.0]}}