{"Camera":{"bottomScreenEdge":-141.90008544921875,"leftScreenEdge":6.5,"rightScreenEdge":1073.5,"topScreenEdge":658.1004638671875},"Enemy":{"enemyFighting":""},"Player":{"hp":3,"position":[538.6000366210938,258.09991455078125,0.0]}}