{"Back":{"Camera":{"bottomScreenEdge":-99.99998474121094,"leftScreenEdge":126.5,"rightScreenEdge":1193.5001220703125,"topScreenEdge":700.0001220703125},"PlayerBattle":{"hp":4},"PlayerOverworld":{"hp":2,"position":[660.099365234375,300.0,0.0]}},"Save 1":{"Camera":{"bottomScreenEdge":-99.99998474121094,"leftScreenEdge":126.5,"rightScreenEdge":1193.5001220703125,"topScreenEdge":700.0001220703125},"PlayerBattle":{"hp":4},"PlayerOverworld":{"hp":2,"position":[660.099365234375,300.0,0.0]}},"Save 2":{"Camera":{"bottomScreenEdge":-100.0,"leftScreenEdge":6.5,"rightScreenEdge":1073.5,"topScreenEdge":700.0},"PlayerBattle":{"hp":10},"PlayerOverworld":{"hp":3,"position":[539.199951171875,300.0,0.0]}}}